id,firstName,lastName,street,city,state,postal,country,email,phone
1,April,Wright,4549 Hall Valley Drive,Huntington,West Virginia,25701,US,AprilRWright@fleckens.hu,304-691-0001
2,Judith,Howard,1824 Parkway Street,San Diego,California,92121,US,JudithJHoward@jourrapide.com,760-305-4195
3,Steven,Waite,2964 Tavern Place,Wheeling,West Virginia,26003,US,StevenJWaite@rhyta.com,304-224-7216
4,Erica,Hill,246 Goodwin Avenue,Klickitat,Washington,98628,US,EricaWHill@teleworm.us,509-369-8909
5,Craig,Hermann,4386 Romines Mill Road,Dallas,Texas,75247,US,CraigMHermann@dayrep.com,214-590-3036
6,Darrell,Paige,2966 Diane Street,Thousand Oaks,California,91362,US,DarrellKPaige@gustr.com,805-381-4333
7,Joanna,Gatlin,4395 Grove Street,Garden City,New York,11530,US,JoannaJGatlin@teleworm.us,631-824-6426
8,Gwen,Hall,2656 Rogers Street,Milford,Ohio,45150,US,GwenCHall@cuvox.de,513-576-2696
9,Gerald,McElwain,3878 Little Street,North Canton,Ohio,44720,US,GeraldHMcElwain@einrot.com,330-649-2423
10,Daniel,Payne,1942 Parkview Drive,Long Beach,California,90808,US,DanielBPayne@fleckens.hu,714-233-3599
11,Shu,Watt,4925 Poling Farm Road,Ohiowa,Nebraska,68416,US,ShuRWatt@rhyta.com,402-295-1489
12,Ian,Garcia,1208 Valley Drive,Philadelphia,Pennsylvania,19108,US,IanSGarcia@gustr.com,267-348-6523
13,Cleo,Davison,1200 Matthews Street,Chicago,Illinois,60631,US,CleoJDavison@fleckens.hu,815-582-2253
14,Rose,Woodbury,429 Moonlight Drive,Pleasantville,New Jersey,8232,US,RoseMWoodbury@superrito.com,609-576-1773
15,Norma,Lucas,3008 Glenwood Avenue,Warrensville Heights,Ohio,44128,US,NormaDLucas@jourrapide.com,216-318-9686
16,Brenda,Battles,1684 Hickory Lane,Westport,Connecticut,6880,US,BrendaJBattles@gustr.com,203-222-8481
17,Robert,Valenti,4257 Lakewood Drive,Red Bank,New Jersey,7701,US,RobertHValenti@jourrapide.com,201-835-5634
18,Jann,Kohler,1438 Armory Road,Charlotte,North Carolina,28202,US,JannBKohler@fleckens.hu,910-700-7389
19,Emily,Padilla,3103 Ferrell Street,Argyle,Minnesota,56713,US,EmilyJPadilla@dayrep.com,218-437-3530
20,Benjamin,Callahan,122 Village View Drive,Immokalee,Florida,33934,US,BenjaminBCallahan@teleworm.us,239-867-0893
21,Victor,McNally,842 Jett Lane,Los Angeles,California,90066,US,VictorJMcNally@dayrep.com,310-737-0150
22,Rosemarie,Fabry,982 Laurel Lane,Balmorhea,Texas,79718,US,RosemarieJFabry@armyspy.com,432-375-1653
23,John,Calles,335 Hill Street,Port Clinton,Ohio,43452,US,JohnJCalles@jourrapide.com,419-797-3015
24,Jordan,Olson,4323 Beeghley Street,Belton,Texas,76513,US,JordanDOlson@cuvox.de,254-933-0026
25,Mary,Rogers,4646 Cerullo Road,Louisville,Kentucky,40299,US,MaryARogers@einrot.com,502-422-2525
26,Linda,Swan,3794 Briercliff Road,Brooklyn,New York,11238,US,LindaMSwan@superrito.com,718-623-5124
27,Frank,Best,3190 Stratford Court,Goldsboro,North Carolina,27530,US,FrankVBest@armyspy.com,919-736-9728
28,Willie,Sisco,2472 Jadewood Drive,Chicago,Illinois,60607,US,WillieGSisco@jourrapide.com,224-359-2701
29,Marie,Bohannan,3831 Maryland Avenue,Feather Sound,Florida,34622,US,MarieLBohannan@einrot.com,727-591-1677
30,Diane,Holloway,2938 Timbercrest Road,New Stuyahok,Alaska,99636,US,DianeJHolloway@dayrep.com,907-693-4177
31,Angela,Walton,776 Murry Street,Virginia Beach,Virginia,23451,US,AngelaPWalton@rhyta.com,757-437-7867
32,Yadira,Womack,244 Rinehart Road,Opa Locka,Florida,33056,US,YadiraMWomack@jourrapide.com,786-320-1311
33,Chris,Correa,2165 Hudson Street,Red Bank,New Jersey,7701,US,ChrisACorrea@dayrep.com,973-955-2910
34,Robert,Shelly,4733 Harter Street,Urbana,Ohio,43078,US,RobertAShelly@gustr.com,937-651-0448
35,Cory,Cary,2279 Keyser Ridge Road,Thomasville,North Carolina,27360,US,CoryJCary@einrot.com,336-472-0281
36,Eduardo,McCorkle,1864 Jacobs Street,Pittsburgh,Pennsylvania,15205,US,EduardoBMcCorkle@fleckens.hu,412-300-0786
37,Sylvia,King,3711 Conifer Drive,Everett,Washington,98203,US,SylviaAKing@jourrapide.com,425-422-3869
38,Eileen,Gilbert,1033 Black Stallion Road,Winchester,Kentucky,40391,US,EileenGGilbert@einrot.com,859-522-3164
39,Jessica,Smith,1699 Cameron Road,Buffalo,New York,14202,US,JessicaRSmith@gustr.com,716-332-7381
40,Gerardo,Smith,4750 Griffin Street,Phoenix,Arizona,85003,US,GerardoASmith@fleckens.hu,602-300-3903
41,Marta,Organ,3445 Collins Avenue,Dublin,Ohio,43017,US,MartaCOrgan@dayrep.com,614-761-3925
42,Joseph,Wilmer,1948 Sampson Street,Denver,Colorado,80216,US,JosephVWilmer@cuvox.de,303-564-4082
43,Steve,Marchand,349 Sumner Street,Los Angeles,California,90045,US,SteveBMarchand@superrito.com,310-646-0549
44,Jason,Sandoval,2198 Clay Street,Carmel,Indiana,46032,US,JasonKSandoval@cuvox.de,317-382-0387
45,Johnny,Tavera,2111 Emily Renzelli Boulevard,Salinas,California,93901,US,JohnnyCTavera@armyspy.com,831-613-3186
46,Bobby,Acuna,526 Davis Lane,Table Mesa,Colorado,80303,US,BobbyRAcuna@einrot.com,720-304-0954
47,Michelle,Ortega,148 Dog Hill Lane,Hays,Kansas,67601,US,MichelleROrtega@rhyta.com,785-656-7285
48,Sueann,Avila,2029 Columbia Mine Road,Huntington,West Virginia,25701,US,SueannJAvila@cuvox.de,304-528-8969
49,Robert,Gomez,4043 Red Bud Lane,Hartford,Connecticut,6103,US,RobertOGomez@rhyta.com,860-979-7376
50,Vincent,Ivy,4614 Washington Avenue,Jackson,Mississippi,39211,US,VincentMIvy@dayrep.com,601-980-9297
51,Justin,Dewitt,3511 Wetzel Lane,Kalkaska,Michigan,49646,US,JustinLDewitt@jourrapide.com,231-258-0617
52,Linda,Grissom,1617 Pinewood Avenue,Lake Gogebic,Michigan,48000,US,LindaWGrissom@rhyta.com,906-842-6496
53,Paul,Powell,227 Bobcat Drive,Detroit,Michigan,48219,US,PaulHPowell@fleckens.hu,248-235-6925
54,Keven,Johnson,2104 Riverwood Drive,Chico,California,95926,US,KevenJJohnson@fleckens.hu,530-380-6377
55,James,Neace,3813 Marshall Street,Baltimore,Maryland,21231,US,JamesCNeace@dayrep.com,410-675-5805
56,Brian,Ashley,3146 New Creek Road,Fort Payne,Alabama,35967,US,BrianBAshley@teleworm.us,256-845-6919
57,Rob,Parker,807 Gladwell Street,Memphis,Tennessee,38115,US,RobKParker@cuvox.de,901-949-6730
58,Sean,Dean,2334 Cedar Street,Earle,Arkansas,72331,US,SeanKDean@teleworm.us,870-792-6656
59,Tierra,Scott,658 Front Street,Detroit,Michigan,48219,US,TierraBScott@fleckens.hu,810-521-4528
60,Kathryn,Mitchel,4134 Braxton Street,Rockford,Illinois,61101,US,KathrynCMitchel@jourrapide.com,815-516-9773
61,Doris,Simons,3939 Juniper Drive,Pompeii,Michigan,48874,US,DorisMSimons@gustr.com,989-838-6270
62,Michael,Dupree,3602 Cunningham Court,Commerce,Michigan,48387,US,MichaelJDupree@fleckens.hu,248-666-8197
63,Mary,Hairston,1556 Spring Street,Villa Grove,Illinois,61956,US,MaryCHairston@einrot.com,217-832-4233
64,Matthew,Williams,3886 Tenmile,Newport News,Virginia,23608,US,MatthewJWilliams@einrot.com,757-890-4866
65,Jean,Montano,2083 Lewis Street,Bensenville,Illinois,60106,US,JeanTMontano@jourrapide.com,630-860-9680
66,Betty,Channell,3965 Jerry Dove Drive,Florence,South Carolina,29501,US,BettyHChannell@fleckens.hu,843-400-8051
67,Ellen,Brothers,1615 Mesa Drive,Las Vegas,Nevada,89120,US,EllenWBrothers@jourrapide.com,702-322-3553
68,Catherine,Diaz,596 Prospect Valley Road,Los Angeles,California,90017,US,CatherineJDiaz@gustr.com,310-929-7166
69,Roland,Buchanan,4508 Tavern Place,Charleston,West Virginia,25301,US,RolandCBuchanan@teleworm.us,304-210-1351
70,Elizabeth,Shoemaker,31 Seneca Drive,Portland,Oregon,97214,US,ElizabethKShoemaker@jourrapide.com,503-962-6640
71,Roy,Mendoza,566 Sycamore Fork Road,Boca Raton,Florida,33486,US,RoySMendoza@jourrapide.com,954-219-0758
72,Mary,Nelson,1466 Steve Hunt Road,Miami,Florida,33196,US,MaryNNelson@fleckens.hu,305-752-5227
73,Harry,Viera,4363 Seneca Drive,Portland,Oregon,97204,US,HarryNViera@dayrep.com,503-882-6111
74,Darin,Howard,3434 Norma Lane,Olla,Louisiana,71465,US,DarinAHoward@einrot.com,318-495-2217
75,Dawn,Pena,4228 Village View Drive,Fort Myers,Florida,33901,US,DawnJPena@dayrep.com,239-963-7506
76,Jerry,Hills,4086 Williams Avenue,Solamint,California,91350,US,JerryDHills@fleckens.hu,661-250-5187
77,Wayne,Williams,3663 Saint Clair Street,Starkville,Mississippi,39759,US,WayneFWilliams@rhyta.com,662-615-3737
78,Rosalinda,Jones,1638 Eva Pearl Street,Baton Rouge,Louisiana,70802,US,RosalindaSJones@dayrep.com,225-709-9809
79,Thomas,Davidson,601 Oral Lake Road,Golden Valley,Minnesota,55427,US,ThomasBDavidson@armyspy.com,952-525-7985
80,Patsy,Jackson,4334 Woodridge Lane,Memphis,Tennessee,38115,US,PatsyRJackson@armyspy.com,901-281-9995
81,Bradley,Lewis,243 Simpson Street,Bloomington,Illinois,61701,US,BradleyALewis@rhyta.com,309-828-3582
82,Thomas,Szymanski,2296 Tully Street,Dearborn,Michigan,48126,US,ThomasCSzymanski@superrito.com,313-583-9172
83,Maria,Ivory,773 Blackwell Street,St Marys,Alaska,99658,US,MariaAIvory@teleworm.us,907-438-8814
84,Erin,Zepeda,1354 Graystone Lakes,Macon,Georgia,31210,US,ErinWZepeda@dayrep.com,478-475-3849
85,Jamal,Herod,3263 Ralph Drive,Independence,Ohio,44131,US,JamalAHerod@fleckens.hu,440-212-2752
86,Horace,Herrick,503 Terra Cotta Street,Lincoln,Minnesota,56443,US,HoraceEHerrick@rhyta.com,218-575-0868
87,Seth,Leach,1854 Frum Street,Nashville,Tennessee,37212,US,SethCLeach@gustr.com,615-272-7160
88,Kenneth,McArthur,3788 McDowell Street,Chapel Hill,Tennessee,37034,US,KennethLMcArthur@dayrep.com,931-364-8253
89,Jose,Diaz,726 Dennison Street,French Camp,California,95231,US,JoseSDiaz@superrito.com,209-534-3499
90,Raymond,Sexton,881 Austin Secret Lane,Cainville,Utah,84775,US,RaymondCSexton@gustr.com,435-456-4252
91,Robin,Kuhns,4988 Beechwood Avenue,Cedar Knolls,New Jersey,7927,US,RobinRKuhns@gustr.com,908-860-9127
92,Richard,Simonsen,3698 Terra Cotta Street,Maine,Minnesota,56586,US,RichardLSimonsen@dayrep.com,218-495-9511
93,Scott,McCoy,2043 Hanover Street,New York,New York,10007,US,ScottTMcCoy@dayrep.com,917-714-2375
94,Dana,Pennell,3021 Elm Drive,Elmsford,New York,10523,US,DanaCPennell@teleworm.us,646-529-9273
95,Christine,Franklin,3232 Dogwood Road,Phoenix,Arizona,85012,US,ChristineJFranklin@superrito.com,602-650-4727
96,Elizabeth,Santiago,3621 Perry Street,Southfield,Michigan,48075,US,ElizabethASantiago@superrito.com,810-644-8330
97,Sean,Shaw,4961 Brookside Drive,Birmingham,Alabama,35203,US,SeanSShaw@einrot.com,205-396-9185
98,Raymond,Colman,1661 Java Lane,Columbia,South Carolina,29210,US,RaymondAColman@armyspy.com,803-561-0005
99,Donna,Welch,2411 Linden Avenue,Orlando,Florida,32801,US,DonnaFWelch@teleworm.us,407-542-9370
100,Holly,Rogers,3025 Perine Street,Quantico,Virginia,22134,US,HollyTRogers@cuvox.de,703-784-4137